name,description,picture
Ремонт двигателя,"Ремонт двигателя - это очень сложный и трудоемкий процесс, который к тому же занимает немало времени и требует, если не частичное, то полное восстановление характеристик мотора. Этот процесс включает снятие с автомобиля двигателя, а также его полную разборку, ремонт головки блока цилиндров, коленчатого вала, замену и полное, или частичное, восстановление всех износившихся за время эксплуатации деталей, узлов и агрегатов. Ремонт двигателя машины является невероятно трудной и очень ответственной работой. И эту работу можно доверить только настоящим профессионалам, людям которые имеют понятие об в устройстве мотора. То есть, как без необходимых знаний и навыков обслуживания, обыкновенный любитель может только навредить работе системы и нанести двигателю непоправимый ущерб. Естественно, лучшим вариантом видится ремонт двигателя своими собственными руками без чьего-либо вмешательства, но и тут есть нюансы и недостатки. При ремонте мотора всегда используются только специализированный профессиональный инструмент, который иногда нельзя найти в обычных автомагазинах. И все же, как понять и определить, что вашему двигателю нужен ремонт? Прежде всего, необходимо провести предварительное диагностирование, которое поможет выявить и определить все поломки и дефекты двигателя. Для этого существует множество методик. Лучше всего в этом случаи будет использовать компьютерную диагностику, так как данный метод является более точным и эффективным. Ниже приведены признаки проблем при возникновении которых необходимо провести капитальный ремонта вашего двигателя: - стуки или заклинивший двигатель. Об износе вкладышей, а также шеек коленчатого вала и подшипников скольжения, свидетельствуют слабые стуки в области кривошипно-шатунного механизма и пониженное давление в системе смазки. Оставлять без внимания нельзя ни в коем случаи, иначе это приведет к сбоям работы всей системы и тогда двигатель не будет подлежать ремонту. - также признаками износа деталей цилиндро-поршневой группы являются большой расход масла, характерный дым сизого оттенка в отработавших выхлопах и очень низкая компрессия. Но также не стоит забывать о том, что иногда причинами дыма и чрезмерного расхода масла могут быть потеря эластичности маслосъемных колпачков клапанов. И чтобы не перепутать, необходимо обратиться за помощь к профессионалу.",lib/photos/service_1.png
Ремонт топливной системы,"Предназначение топливной системы первую очередь заключается в том, чтобы подпитывать топливом двигателя автомобиля, а также очищать его и сохранять в рабочем состоянии.
Топливная системы автомобиля имеет следующую конструкцию - это бак для топлива, топливный фильтр, насос для топлива, а также система впрыска. Все они последовательно соединены топливопроводами.
Починка топливной системы автомобиля очень нелегкий и недешевый процесс. Топливная аппаратура очень сложна в ремонте и внешнее вмешательство в его работу нужно осуществлять только под чутким надзором специалиста, который имеет за плечами определенные навыки, хороший опыт и необходимые инструменты. Поэтому все без исключения водители автомобилей доверяют ремонт топливной аппаратуры только специалистам и делают это только в специализированых сервисах. Правильная функциональность системы топливообеспечения автомобиля отвечает в первую очередь за его экономность и надежность. И если ваше авто начало потреблять слишком много топлива и вы чувствуете что начинают возникать проблем с запуском двигателя скорее всего - это означает что дело именно в той самой топливной системе. Необходим срочный ремонт.
Когда у автомобиля отказывает топливная система, его срочным образом нужно доставить в сервис, где специалисты должны провести полную и детальную диагностику всей топливной аппаратуры. И если во время проведения такой диагностики будет обнаружено, что некоторые детали системы уже окончательно вышли из строя, их необходимо будет заменить новыми.
Поломки и нарушения системы топливообеспечения вашего автомобиля могут возникать по самым разным причинам. 
Например:
Низкое качество заправляемого топлива может служить проблемой неисправности так как низкокачественное дешевое топливо, как правило, нередко содержит в себе немалое количество обыкновенной воды, что не позволяет системе работать нормально и выводит ее из строя. И в таком случаи топливная система будет давать сильный сбой в работе.
Пыль. Пыль может попасть в топливную систему самыми разными путями, в том числе через некачественное топливо. В результате имеем повышение температуры двигателя, в результате чего он начинает работать слишком интенсивно и как результат топливная аппаратура, отвечающая за работу всей системы, может заклинить.",lib/photos/service_2.png
Ремонт ходовой,"Ходовая часть имеет свойство изнашиваться в процессе эксплуатации автомобиля. Агрессивное вождение авто или некачественное покрытие дороги только способствует этому. И даже самая незначительная поломка ходовой системы приведет к непредвиденной, а иногда и аварийной ситуации.
Из-за того что в некоторых регионах нашей страны дороги далеки от идеала, подвеска машины часто испытывает чрезвычайно высокие нагрузки. Таким образом ходовая часть авто часто подвергается достаточно быстрому изнашиванию и в результате можно получить серьезную поломку, которую будет очень трудно исправить. Ремонт ходовой части довольно обыденное и распространенное дело. Посторонний стук изнутри машины, скорее всего, свидетельствует именно о том, что ходовая часть не в порядке. Часто водитель и сам прекрасно ощущает неисправность. Это особенно ощущается, когда автомобиль двигается по плохих или неровных участках дороги. Тогда происходит увеличение крена на крутых поворотах, авто может стать неустойчивым на высоких скоростях, увеличится люфта рулевого колеса и длина тормозного пути. И если вы сталкиваетесь с данными симптомами - поздравляем, вас ожидает ремонт ходовой.
Передняя и задняя части подвески любого авто - это сложная совокупность механизмов опоры, которая обеспечивает взаимодействие работы корпуса автомобиля и его колес. Основная задача подвески - это обеспечение равномерного разделения нагрузки на опорные устройства машины. Подвеска непосредственно адаптирует ходовую часть автомобиля к рельефу, дорожному покрытию и наклонам машины при поворотах, появляющихся из-за трения колес авто о дорогу.
Своевременный ремонт подвески автомобиля и диагностика неполадок, равно как и ремонт всей ходовой системы машины, обеспечивают ее безопасность во время движения, устойчивость и маневренность.
Перед тем как начать ремонтировать ходовую часть машины, прежде необходимо сделать комплексную и детальную диагностику всего авто. Это, конечно же, подразумевает проведение полного осмотра чаш для опоры, проверку сайлентблоков и подшипников, пружин, а также рычагов и амортизаторов, определение уровня изнашивания тормозных колодок, барабанов, шлангов и дисков, отсутствия люфта в рулевых наконечниках и контроль герметичности системы торможения и шаровых опорах.
Чтобы избежать поломок, рекомендуется регулярно, приблизительно каждые десять - тринадцать тысяч километров, проводить диагностику ходовой автомобиля. А в случаи обнаружения поломки срочно обратиться на станцию техобслуживания.",lib/photos/service_3.png
Ремонт тормозной системы,"Тормозная система автомобиля, является очень важной составляющей любого транспорта. Ее задача в первую очередь обеспечивать безопасность водителя машины и пассажиров.
Механизм работы тормозной системы является довольно простым. Например, когда вы жмете ногой на тормоз, сила с которой вы это делаете, непосредственно передается на специальный прибор, имеющий называние тормозной цилиндр. Тормозной цилиндр оборудован специальным поршнем, который управляет распределением давления на гидравлические тормозные трубки, ведущие к каждому отдельному колесу машины. Тормозная жидкость на колесах под действием давления оказывает воздействие на механизм тормозов, она надавливает на поршни, которые влияют на тормозные колодки, они же в свою очередь поддают сжатию крутящийся диск или барабан. Трение замедляет вращение колес, а те, в свою очередь, замедляют движение всего автомобиля.
Легкомысленное отношение к неполадкам в тормозной системы может, как правило, иметь очень плачевный результат. Симптомы неисправности обнаружить довольно легко даже не будучи специалистом.
Стук и скрип тормозов, пульсация, занос машины в сторону при выжимании тормоза, проваливание или слишком свободный ход педали, также неравномерное изнашивание тормозных колодок. И это лишь первичные признаки неполадки в тормозе автомобиля. Для выявления и устранения первичных причин неисправности на более ранних стадиях, желательно проводить осмотр регулярно.
Ниже представлен список проблем при выявлении которых необходим проводить ремонт тормозной системы:
- чрезмерный разогрев тормозных колодок при движении автомобиля и резком, либо плавном торможении;
- стук в тормозной системе;
- скрип тормозов;
- педаль тормоза отпружинивает и слегка проваливается вниз;
- машину уводит в сторону при торможении;
- неравномерное или частичное притормаживание колес;
- несмотря на высокое усилие нажатия на педаль тормоза, снижение эффекта торможения;
- неравномерный износ тормозных колодок;
- колесо тяжело поддается повороту рукой;
- слишком свободный ход педали тормоза;
- снижение эффекта от тормоза, твердая педаль тормоза;
- ручной тормоз не дает требуемой эффективности;
- пульсация тормозной системы;
Конструкция металлических шайб произведена таким образом, что когда происходит стирание тормозных деталей, а это тормозные колодки и прочее, то они будут производить неприятный шум, когда вы будете жать педаль тормоза. Такой шум позволяет понять водителю и насторожить его и предупредить, что тормозная колодка требует ремонта или полной замены. Когда тормозная колодка стирается, то ее способность к сопротивлению становиться куда меньше, что, непосредственно, снижает эффективность работы всей тормозной системы автомобиля.",lib/photos/service_4.png
Ремонт электроники / услуги автоэлектрика,"От электроники вашего автомобиля непосредственно зависит его управляемость, безопасность, контроль над его функционированием и всех основных систем, а еще небольшие, но очень приятные мелочи, которые придают чувства комфорта всем автолюбителям. Именно электрика и есть “мозговым центром” вашей машины.
В ремонте электрооборудования машины время от времени нуждаются все водители машин. Ведь электроника машины это целый комплекс сложнейших соединений и устройств, в состав которых входит даже самые простые лампочки в салоне автомобиля.
Связи электрических цепей в устройстве вашей машины присутствуют абсолютно повсюду, а это означает, что зачастую поломку определить очень сложно. Прежде всего, для решения данной проблемы необходимо провести диагностику, чтобы определить в каком именно участке произошел сбой. Восстановление проводки, замена аккумулятора, ремонт стартера, а также замена лампочки в салоне - все это входит в ремонт автоэлектрики.
Один из основных механизмом, который необходимо контролировать в процессе обслуживания авто - это автомобильный генератор.
Чаще всего поломки электроники в авто имеет скрытый характер и чтобы обнаружить неисправность требуется много времени и сделать это могут только опытные специалисты. Помимо того, ремонт электроники в машине - это возможные сбои в работе центральных замков, термостата, акустической системы, стеклоподъемников и прочего. И во избежание или короткого замыкания, которое может привести к возгоранию, необходимо своевременно выявлять неполадки. Также, в случаи ДТП, кроме проведения общего ремонта, электронику автомобиля необходимо будет восстанавливать практически заново.
Но, наверное, самой распространенной проблемой в системе электроники являются проблемы с неисправностью фар. Многие автовладельцы часто пытаются настроить и отремонтировать фары самостоятельно, что не рекомендуется делать, так как есть большой шанс нарушить всю систему электроники в авто.
Ремонт электрооборудования в вашем автомобиле это кропотливый и сложный процесс, который занимает немало времени и требует от специалиста понимания работы электроцепей, схемы их ремонта.",lib/photos/service_5.png
